Model,Brier Score
MobileNetV2,0.06167679879056837
DenseNet169,0.06550808599743557
EfficientNetV2B0,0.06728217726986324
Stacking,0.10481339977717151
